{"cameraMode":{"drawMode":0,"name":"Shaded","section":"Shading Mode"},"sceneLighting":true,"audioPlay":false,"sceneViewState":{"m_AlwaysRefresh":false,"showFog":true,"showSkybox":true,"showFlares":true,"showImageEffects":true,"showParticleSystems":true,"showVisualEffectGraphs":true,"m_FxEnabled":true},"in2DMode":false,"pivot":{"x":-2.4935481548309328,"y":3.3820154666900636,"z":10.668103218078614},"rotation":{"x":0.008281155489385128,"y":0.9908140301704407,"z":-0.11434675008058548,"w":0.07175709307193756},"size":8.552436828613282,"orthographic":true}